target,file_abs_path,check_id,check_name,severity,resource,guideline,error,stderr
D:\CloudGuardAI\iac_subset\Othello1111_Decentralized_Internet,D:\CloudGuardAI\iac_subset\Othello1111_Decentralized_Internet\clusterpost\bigchaindb\k8s\nginx-https\container\nginx.conf.template,CKV_SECRET_6,Base64 High Entropy String,,8cb785e14e49e569955ffdea36a19434bc4df2aa,https://docs.prismacloud.io/en/enterprise-edition/policy-reference/secrets-policies/secrets-policy-index/git-secrets-6,,
D:\CloudGuardAI\iac_subset\Othello1111_Decentralized_Internet,D:\CloudGuardAI\iac_subset\Othello1111_Decentralized_Internet\clusterpost\bigchaindb\k8s\nginx-openresty\container\nginx.conf.template,CKV_SECRET_6,Base64 High Entropy String,,4dfd0d382f8c8e625c5a16d988b428147b377e8f,https://docs.prismacloud.io/en/enterprise-edition/policy-reference/secrets-policies/secrets-policy-index/git-secrets-6,,
D:\CloudGuardAI\iac_subset\Othello1111_Decentralized_Internet,D:\CloudGuardAI\iac_subset\Othello1111_Decentralized_Internet\clusterpost\bigchaindb\k8s\nginx-openresty\container\nginx.lua.template,CKV_SECRET_6,Base64 High Entropy String,,4dfd0d382f8c8e625c5a16d988b428147b377e8f,https://docs.prismacloud.io/en/enterprise-edition/policy-reference/secrets-policies/secrets-policy-index/git-secrets-6,,
D:\CloudGuardAI\iac_subset\andrekiba_CrazyBike,D:\CloudGuardAI\iac_subset\andrekiba_CrazyBike\src\CrazyBike.Shipper\Dockerfile.shipper,CKV_DOCKER_7,Ensure the base image uses a non latest version tag,,/src\CrazyBike.Shipper\Dockerfile.shipper.FROM,https://docs.prismacloud.io/en/enterprise-edition/policy-reference/docker-policies/docker-policy-index/ensure-the-base-image-uses-a-non-latest-version-tag,,
D:\CloudGuardAI\iac_subset\andrekiba_CrazyBike,D:\CloudGuardAI\iac_subset\andrekiba_CrazyBike\src\CrazyBike.Shipper\Dockerfile.shipper,CKV_DOCKER_2,Ensure that HEALTHCHECK instructions have been added to container images,,/src\CrazyBike.Shipper\Dockerfile.shipper.,https://docs.prismacloud.io/en/enterprise-edition/policy-reference/docker-policies/docker-policy-index/ensure-that-healthcheck-instructions-have-been-added-to-container-images,,
D:\CloudGuardAI\iac_subset\andrekiba_CrazyBike,D:\CloudGuardAI\iac_subset\andrekiba_CrazyBike\src\CrazyBike.Shipper\Dockerfile.shipper,CKV_DOCKER_3,Ensure that a user for the container has been created,,/src\CrazyBike.Shipper\Dockerfile.shipper.,https://docs.prismacloud.io/en/enterprise-edition/policy-reference/docker-policies/docker-policy-index/ensure-that-a-user-for-the-container-has-been-created,,
D:\CloudGuardAI\iac_subset\andrekiba_CrazyBike,D:\CloudGuardAI\iac_subset\andrekiba_CrazyBike\src\CrazyBike.Buy\Dockerfile.buy,CKV_DOCKER_7,Ensure the base image uses a non latest version tag,,/src\CrazyBike.Buy\Dockerfile.buy.FROM,https://docs.prismacloud.io/en/enterprise-edition/policy-reference/docker-policies/docker-policy-index/ensure-the-base-image-uses-a-non-latest-version-tag,,
D:\CloudGuardAI\iac_subset\andrekiba_CrazyBike,D:\CloudGuardAI\iac_subset\andrekiba_CrazyBike\src\CrazyBike.Buy\Dockerfile.buy,CKV_DOCKER_2,Ensure that HEALTHCHECK instructions have been added to container images,,/src\CrazyBike.Buy\Dockerfile.buy.,https://docs.prismacloud.io/en/enterprise-edition/policy-reference/docker-policies/docker-policy-index/ensure-that-healthcheck-instructions-have-been-added-to-container-images,,
D:\CloudGuardAI\iac_subset\andrekiba_CrazyBike,D:\CloudGuardAI\iac_subset\andrekiba_CrazyBike\src\CrazyBike.Buy\Dockerfile.buy,CKV_DOCKER_3,Ensure that a user for the container has been created,,/src\CrazyBike.Buy\Dockerfile.buy.,https://docs.prismacloud.io/en/enterprise-edition/policy-reference/docker-policies/docker-policy-index/ensure-that-a-user-for-the-container-has-been-created,,
D:\CloudGuardAI\iac_subset\andrekiba_CrazyBike,D:\CloudGuardAI\iac_subset\andrekiba_CrazyBike\src\CrazyBike.Assembler\Dockerfile.assembler,CKV_DOCKER_7,Ensure the base image uses a non latest version tag,,/src\CrazyBike.Assembler\Dockerfile.assembler.FROM,https://docs.prismacloud.io/en/enterprise-edition/policy-reference/docker-policies/docker-policy-index/ensure-the-base-image-uses-a-non-latest-version-tag,,
D:\CloudGuardAI\iac_subset\andrekiba_CrazyBike,D:\CloudGuardAI\iac_subset\andrekiba_CrazyBike\src\CrazyBike.Assembler\Dockerfile.assembler,CKV_DOCKER_2,Ensure that HEALTHCHECK instructions have been added to container images,,/src\CrazyBike.Assembler\Dockerfile.assembler.,https://docs.prismacloud.io/en/enterprise-edition/policy-reference/docker-policies/docker-policy-index/ensure-that-healthcheck-instructions-have-been-added-to-container-images,,
D:\CloudGuardAI\iac_subset\andrekiba_CrazyBike,D:\CloudGuardAI\iac_subset\andrekiba_CrazyBike\src\CrazyBike.Assembler\Dockerfile.assembler,CKV_DOCKER_3,Ensure that a user for the container has been created,,/src\CrazyBike.Assembler\Dockerfile.assembler.,https://docs.prismacloud.io/en/enterprise-edition/policy-reference/docker-policies/docker-policy-index/ensure-that-a-user-for-the-container-has-been-created,,
D:\CloudGuardAI\iac_subset\chrisguest75_terraform_examples,D:\CloudGuardAI\iac_subset\chrisguest75_terraform_examples\36_codeartifact\01_test_client_npm\Dockerfile.chainguard,CKV_DOCKER_7,Ensure the base image uses a non latest version tag,,/36_codeartifact\01_test_client_npm\Dockerfile.chainguard.FROM,https://docs.prismacloud.io/en/enterprise-edition/policy-reference/docker-policies/docker-policy-index/ensure-the-base-image-uses-a-non-latest-version-tag,,
D:\CloudGuardAI\iac_subset\chrisguest75_terraform_examples,D:\CloudGuardAI\iac_subset\chrisguest75_terraform_examples\36_codeartifact\01_test_client_npm\Dockerfile.chainguard,CKV_DOCKER_8,Ensure the last USER is not root,,/36_codeartifact\01_test_client_npm\Dockerfile.chainguard.USER,https://docs.prismacloud.io/en/enterprise-edition/policy-reference/docker-policies/docker-policy-index/ensure-the-last-user-is-not-root,,
D:\CloudGuardAI\iac_subset\chrisguest75_terraform_examples,D:\CloudGuardAI\iac_subset\chrisguest75_terraform_examples\36_codeartifact\01_test_client_npm\Dockerfile.chainguard,CKV_DOCKER_2,Ensure that HEALTHCHECK instructions have been added to container images,,/36_codeartifact\01_test_client_npm\Dockerfile.chainguard.,https://docs.prismacloud.io/en/enterprise-edition/policy-reference/docker-policies/docker-policy-index/ensure-that-healthcheck-instructions-have-been-added-to-container-images,,
D:\CloudGuardAI\iac_subset\redhwannacef_youtube-tutorials,D:\CloudGuardAI\iac_subset\redhwannacef_youtube-tutorials\quarkus-tutorial\src\main\docker\Dockerfile.jvm,CKV_DOCKER_2,Ensure that HEALTHCHECK instructions have been added to container images,,/quarkus-tutorial\src\main\docker\Dockerfile.jvm.,https://docs.prismacloud.io/en/enterprise-edition/policy-reference/docker-policies/docker-policy-index/ensure-that-healthcheck-instructions-have-been-added-to-container-images,,
D:\CloudGuardAI\iac_subset\redhwannacef_youtube-tutorials,D:\CloudGuardAI\iac_subset\redhwannacef_youtube-tutorials\quarkus-tutorial\src\main\docker\Dockerfile.fast-jar,CKV_DOCKER_2,Ensure that HEALTHCHECK instructions have been added to container images,,/quarkus-tutorial\src\main\docker\Dockerfile.fast-jar.,https://docs.prismacloud.io/en/enterprise-edition/policy-reference/docker-policies/docker-policy-index/ensure-that-healthcheck-instructions-have-been-added-to-container-images,,
D:\CloudGuardAI\iac_subset\redhwannacef_youtube-tutorials,D:\CloudGuardAI\iac_subset\redhwannacef_youtube-tutorials\quarkus-tutorial\src\main\docker\Dockerfile.native,CKV_DOCKER_2,Ensure that HEALTHCHECK instructions have been added to container images,,/quarkus-tutorial\src\main\docker\Dockerfile.native.,https://docs.prismacloud.io/en/enterprise-edition/policy-reference/docker-policies/docker-policy-index/ensure-that-healthcheck-instructions-have-been-added-to-container-images,,
D:\CloudGuardAI\iac_subset\ptavoni_forgeops,D:\CloudGuardAI\iac_subset\ptavoni_forgeops\etc\quickstart-redhat-openshift\templates\openshift.template,CKV_AWS_149,Ensure that Secrets Manager secret is encrypted using KMS CMK,,AWS::SecretsManager::Secret.OpenShiftPasswordSecret,https://docs.prismacloud.io/en/enterprise-edition/policy-reference/aws-policies/aws-general-policies/ensure-that-secrets-manager-secret-is-encrypted-using-kms,,
D:\CloudGuardAI\iac_subset\ptavoni_forgeops,D:\CloudGuardAI\iac_subset\ptavoni_forgeops\etc\quickstart-redhat-openshift\templates\openshift.template,CKV_AWS_149,Ensure that Secrets Manager secret is encrypted using KMS CMK,,AWS::SecretsManager::Secret.RedhatSubscriptionSecret,https://docs.prismacloud.io/en/enterprise-edition/policy-reference/aws-policies/aws-general-policies/ensure-that-secrets-manager-secret-is-encrypted-using-kms,,
D:\CloudGuardAI\iac_subset\ptavoni_forgeops,D:\CloudGuardAI\iac_subset\ptavoni_forgeops\etc\quickstart-redhat-openshift\templates\openshift.template,CKV_AWS_18,Ensure the S3 bucket has access logging enabled,,AWS::S3::Bucket.RegistryBucket,https://docs.prismacloud.io/en/enterprise-edition/policy-reference/aws-policies/s3-policies/s3-13-enable-logging,,
D:\CloudGuardAI\iac_subset\ptavoni_forgeops,D:\CloudGuardAI\iac_subset\ptavoni_forgeops\etc\quickstart-redhat-openshift\templates\openshift.template,CKV_AWS_53,Ensure S3 bucket has block public ACLs enabled,,AWS::S3::Bucket.RegistryBucket,https://docs.prismacloud.io/en/enterprise-edition/policy-reference/aws-policies/s3-policies/bc-aws-s3-19,,
D:\CloudGuardAI\iac_subset\ptavoni_forgeops,D:\CloudGuardAI\iac_subset\ptavoni_forgeops\etc\quickstart-redhat-openshift\templates\openshift.template,CKV_AWS_54,Ensure S3 bucket has block public policy enabled,,AWS::S3::Bucket.RegistryBucket,https://docs.prismacloud.io/en/enterprise-edition/policy-reference/aws-policies/s3-policies/bc-aws-s3-20,,
D:\CloudGuardAI\iac_subset\ptavoni_forgeops,D:\CloudGuardAI\iac_subset\ptavoni_forgeops\etc\quickstart-redhat-openshift\templates\openshift.template,CKV_AWS_55,Ensure S3 bucket has ignore public ACLs enabled,,AWS::S3::Bucket.RegistryBucket,https://docs.prismacloud.io/en/enterprise-edition/policy-reference/aws-policies/s3-policies/bc-aws-s3-21,,
D:\CloudGuardAI\iac_subset\ptavoni_forgeops,D:\CloudGuardAI\iac_subset\ptavoni_forgeops\etc\quickstart-redhat-openshift\templates\openshift.template,CKV_AWS_56,Ensure S3 bucket has RestrictPublicBuckets enabled,,AWS::S3::Bucket.RegistryBucket,https://docs.prismacloud.io/en/enterprise-edition/policy-reference/aws-policies/s3-policies/bc-aws-s3-22,,
D:\CloudGuardAI\iac_subset\ptavoni_forgeops,D:\CloudGuardAI\iac_subset\ptavoni_forgeops\etc\quickstart-redhat-openshift\templates\openshift.template,CKV_AWS_21,Ensure the S3 bucket has versioning enabled,,AWS::S3::Bucket.RegistryBucket,https://docs.prismacloud.io/en/enterprise-edition/policy-reference/aws-policies/s3-policies/s3-16-enable-versioning,,
D:\CloudGuardAI\iac_subset\ptavoni_forgeops,D:\CloudGuardAI\iac_subset\ptavoni_forgeops\etc\quickstart-redhat-openshift\templates\openshift.template,CKV_AWS_363,Ensure Lambda Runtime is not deprecated,,AWS::Lambda::Function.KeyGen,https://docs.prismacloud.io/en/enterprise-edition/policy-reference/aws-policies/aws-general-policies/bc-aws-363,,
D:\CloudGuardAI\iac_subset\ptavoni_forgeops,D:\CloudGuardAI\iac_subset\ptavoni_forgeops\etc\quickstart-redhat-openshift\templates\openshift.template,CKV_AWS_116,Ensure that AWS Lambda function is configured for a Dead Letter Queue(DLQ),,AWS::Lambda::Function.KeyGen,https://docs.prismacloud.io/en/enterprise-edition/policy-reference/aws-policies/aws-general-policies/ensure-that-aws-lambda-function-is-configured-for-a-dead-letter-queue-dlq,,
D:\CloudGuardAI\iac_subset\ptavoni_forgeops,D:\CloudGuardAI\iac_subset\ptavoni_forgeops\etc\quickstart-redhat-openshift\templates\openshift.template,CKV_AWS_115,Ensure that AWS Lambda function is configured for function-level concurrent execution limit,,AWS::Lambda::Function.KeyGen,https://docs.prismacloud.io/en/enterprise-edition/policy-reference/aws-policies/aws-general-policies/ensure-that-aws-lambda-function-is-configured-for-function-level-concurrent-execution-limit,,
D:\CloudGuardAI\iac_subset\ptavoni_forgeops,D:\CloudGuardAI\iac_subset\ptavoni_forgeops\etc\quickstart-redhat-openshift\templates\openshift.template,CKV_AWS_117,Ensure that AWS Lambda function is configured inside a VPC,,AWS::Lambda::Function.KeyGen,https://docs.prismacloud.io/en/enterprise-edition/policy-reference/aws-policies/aws-general-policies/ensure-that-aws-lambda-function-is-configured-inside-a-vpc-1,,
D:\CloudGuardAI\iac_subset\ptavoni_forgeops,D:\CloudGuardAI\iac_subset\ptavoni_forgeops\etc\quickstart-redhat-openshift\templates\openshift.template,CKV_AWS_18,Ensure the S3 bucket has access logging enabled,,AWS::S3::Bucket.LambdaZipsBucket,https://docs.prismacloud.io/en/enterprise-edition/policy-reference/aws-policies/s3-policies/s3-13-enable-logging,,
D:\CloudGuardAI\iac_subset\ptavoni_forgeops,D:\CloudGuardAI\iac_subset\ptavoni_forgeops\etc\quickstart-redhat-openshift\templates\openshift.template,CKV_AWS_53,Ensure S3 bucket has block public ACLs enabled,,AWS::S3::Bucket.LambdaZipsBucket,https://docs.prismacloud.io/en/enterprise-edition/policy-reference/aws-policies/s3-policies/bc-aws-s3-19,,
D:\CloudGuardAI\iac_subset\ptavoni_forgeops,D:\CloudGuardAI\iac_subset\ptavoni_forgeops\etc\quickstart-redhat-openshift\templates\openshift.template,CKV_AWS_54,Ensure S3 bucket has block public policy enabled,,AWS::S3::Bucket.LambdaZipsBucket,https://docs.prismacloud.io/en/enterprise-edition/policy-reference/aws-policies/s3-policies/bc-aws-s3-20,,
D:\CloudGuardAI\iac_subset\ptavoni_forgeops,D:\CloudGuardAI\iac_subset\ptavoni_forgeops\etc\quickstart-redhat-openshift\templates\openshift.template,CKV_AWS_55,Ensure S3 bucket has ignore public ACLs enabled,,AWS::S3::Bucket.LambdaZipsBucket,https://docs.prismacloud.io/en/enterprise-edition/policy-reference/aws-policies/s3-policies/bc-aws-s3-21,,
D:\CloudGuardAI\iac_subset\ptavoni_forgeops,D:\CloudGuardAI\iac_subset\ptavoni_forgeops\etc\quickstart-redhat-openshift\templates\openshift.template,CKV_AWS_56,Ensure S3 bucket has RestrictPublicBuckets enabled,,AWS::S3::Bucket.LambdaZipsBucket,https://docs.prismacloud.io/en/enterprise-edition/policy-reference/aws-policies/s3-policies/bc-aws-s3-22,,
D:\CloudGuardAI\iac_subset\ptavoni_forgeops,D:\CloudGuardAI\iac_subset\ptavoni_forgeops\etc\quickstart-redhat-openshift\templates\openshift.template,CKV_AWS_21,Ensure the S3 bucket has versioning enabled,,AWS::S3::Bucket.LambdaZipsBucket,https://docs.prismacloud.io/en/enterprise-edition/policy-reference/aws-policies/s3-policies/s3-16-enable-versioning,,
D:\CloudGuardAI\iac_subset\ptavoni_forgeops,D:\CloudGuardAI\iac_subset\ptavoni_forgeops\etc\quickstart-redhat-openshift\templates\openshift.template,CKV_AWS_363,Ensure Lambda Runtime is not deprecated,,AWS::Lambda::Function.DeleteBucketContentsLambda,https://docs.prismacloud.io/en/enterprise-edition/policy-reference/aws-policies/aws-general-policies/bc-aws-363,,
D:\CloudGuardAI\iac_subset\ptavoni_forgeops,D:\CloudGuardAI\iac_subset\ptavoni_forgeops\etc\quickstart-redhat-openshift\templates\openshift.template,CKV_AWS_116,Ensure that AWS Lambda function is configured for a Dead Letter Queue(DLQ),,AWS::Lambda::Function.DeleteBucketContentsLambda,https://docs.prismacloud.io/en/enterprise-edition/policy-reference/aws-policies/aws-general-policies/ensure-that-aws-lambda-function-is-configured-for-a-dead-letter-queue-dlq,,
D:\CloudGuardAI\iac_subset\ptavoni_forgeops,D:\CloudGuardAI\iac_subset\ptavoni_forgeops\etc\quickstart-redhat-openshift\templates\openshift.template,CKV_AWS_115,Ensure that AWS Lambda function is configured for function-level concurrent execution limit,,AWS::Lambda::Function.DeleteBucketContentsLambda,https://docs.prismacloud.io/en/enterprise-edition/policy-reference/aws-policies/aws-general-policies/ensure-that-aws-lambda-function-is-configured-for-function-level-concurrent-execution-limit,,
D:\CloudGuardAI\iac_subset\ptavoni_forgeops,D:\CloudGuardAI\iac_subset\ptavoni_forgeops\etc\quickstart-redhat-openshift\templates\openshift.template,CKV_AWS_117,Ensure that AWS Lambda function is configured inside a VPC,,AWS::Lambda::Function.DeleteBucketContentsLambda,https://docs.prismacloud.io/en/enterprise-edition/policy-reference/aws-policies/aws-general-policies/ensure-that-aws-lambda-function-is-configured-inside-a-vpc-1,,
D:\CloudGuardAI\iac_subset\ptavoni_forgeops,D:\CloudGuardAI\iac_subset\ptavoni_forgeops\etc\quickstart-redhat-openshift\templates\openshift.template,CKV_AWS_363,Ensure Lambda Runtime is not deprecated,,AWS::Lambda::Function.CopyZipsFunction,https://docs.prismacloud.io/en/enterprise-edition/policy-reference/aws-policies/aws-general-policies/bc-aws-363,,
D:\CloudGuardAI\iac_subset\ptavoni_forgeops,D:\CloudGuardAI\iac_subset\ptavoni_forgeops\etc\quickstart-redhat-openshift\templates\openshift.template,CKV_AWS_116,Ensure that AWS Lambda function is configured for a Dead Letter Queue(DLQ),,AWS::Lambda::Function.CopyZipsFunction,https://docs.prismacloud.io/en/enterprise-edition/policy-reference/aws-policies/aws-general-policies/ensure-that-aws-lambda-function-is-configured-for-a-dead-letter-queue-dlq,,
D:\CloudGuardAI\iac_subset\ptavoni_forgeops,D:\CloudGuardAI\iac_subset\ptavoni_forgeops\etc\quickstart-redhat-openshift\templates\openshift.template,CKV_AWS_115,Ensure that AWS Lambda function is configured for function-level concurrent execution limit,,AWS::Lambda::Function.CopyZipsFunction,https://docs.prismacloud.io/en/enterprise-edition/policy-reference/aws-policies/aws-general-policies/ensure-that-aws-lambda-function-is-configured-for-function-level-concurrent-execution-limit,,
D:\CloudGuardAI\iac_subset\ptavoni_forgeops,D:\CloudGuardAI\iac_subset\ptavoni_forgeops\etc\quickstart-redhat-openshift\templates\openshift.template,CKV_AWS_117,Ensure that AWS Lambda function is configured inside a VPC,,AWS::Lambda::Function.CopyZipsFunction,https://docs.prismacloud.io/en/enterprise-edition/policy-reference/aws-policies/aws-general-policies/ensure-that-aws-lambda-function-is-configured-inside-a-vpc-1,,
D:\CloudGuardAI\iac_subset\ptavoni_forgeops,D:\CloudGuardAI\iac_subset\ptavoni_forgeops\etc\quickstart-redhat-openshift\templates\openshift.template,CKV_AWS_18,Ensure the S3 bucket has access logging enabled,,AWS::S3::Bucket.OutputBucket,https://docs.prismacloud.io/en/enterprise-edition/policy-reference/aws-policies/s3-policies/s3-13-enable-logging,,
D:\CloudGuardAI\iac_subset\ptavoni_forgeops,D:\CloudGuardAI\iac_subset\ptavoni_forgeops\etc\quickstart-redhat-openshift\templates\openshift.template,CKV_AWS_53,Ensure S3 bucket has block public ACLs enabled,,AWS::S3::Bucket.OutputBucket,https://docs.prismacloud.io/en/enterprise-edition/policy-reference/aws-policies/s3-policies/bc-aws-s3-19,,
D:\CloudGuardAI\iac_subset\ptavoni_forgeops,D:\CloudGuardAI\iac_subset\ptavoni_forgeops\etc\quickstart-redhat-openshift\templates\openshift.template,CKV_AWS_54,Ensure S3 bucket has block public policy enabled,,AWS::S3::Bucket.OutputBucket,https://docs.prismacloud.io/en/enterprise-edition/policy-reference/aws-policies/s3-policies/bc-aws-s3-20,,
D:\CloudGuardAI\iac_subset\ptavoni_forgeops,D:\CloudGuardAI\iac_subset\ptavoni_forgeops\etc\quickstart-redhat-openshift\templates\openshift.template,CKV_AWS_55,Ensure S3 bucket has ignore public ACLs enabled,,AWS::S3::Bucket.OutputBucket,https://docs.prismacloud.io/en/enterprise-edition/policy-reference/aws-policies/s3-policies/bc-aws-s3-21,,
D:\CloudGuardAI\iac_subset\ptavoni_forgeops,D:\CloudGuardAI\iac_subset\ptavoni_forgeops\etc\quickstart-redhat-openshift\templates\openshift.template,CKV_AWS_56,Ensure S3 bucket has RestrictPublicBuckets enabled,,AWS::S3::Bucket.OutputBucket,https://docs.prismacloud.io/en/enterprise-edition/policy-reference/aws-policies/s3-policies/bc-aws-s3-22,,
D:\CloudGuardAI\iac_subset\ptavoni_forgeops,D:\CloudGuardAI\iac_subset\ptavoni_forgeops\etc\quickstart-redhat-openshift\templates\openshift.template,CKV_AWS_23,Ensure every security groups rule has a description,,AWS::EC2::SecurityGroup.OpenShiftSecurityGroup,https://docs.prismacloud.io/en/enterprise-edition/policy-reference/aws-policies/aws-networking-policies/networking-31,,
D:\CloudGuardAI\iac_subset\ptavoni_forgeops,D:\CloudGuardAI\iac_subset\ptavoni_forgeops\etc\quickstart-redhat-openshift\templates\openshift.template,CKV_AWS_23,Ensure every security groups rule has a description,,AWS::EC2::SecurityGroup.OpenShiftNodeSecurityGroup,https://docs.prismacloud.io/en/enterprise-edition/policy-reference/aws-policies/aws-networking-policies/networking-31,,
D:\CloudGuardAI\iac_subset\ptavoni_forgeops,D:\CloudGuardAI\iac_subset\ptavoni_forgeops\etc\quickstart-redhat-openshift\templates\openshift.template,CKV_AWS_28,Ensure DynamoDB point in time recovery (backup) is enabled,,AWS::DynamoDB::Table.ServiceBrokerTable,https://docs.prismacloud.io/en/enterprise-edition/policy-reference/aws-policies/aws-general-policies/general-6,,
D:\CloudGuardAI\iac_subset\ptavoni_forgeops,D:\CloudGuardAI\iac_subset\ptavoni_forgeops\etc\quickstart-redhat-openshift\templates\openshift.template,CKV_AWS_119,Ensure DynamoDB Tables are encrypted using a KMS Customer Managed CMK,,AWS::DynamoDB::Table.ServiceBrokerTable,https://docs.prismacloud.io/en/enterprise-edition/policy-reference/aws-policies/aws-general-policies/bc-aws-52,,
D:\CloudGuardAI\iac_subset\ptavoni_forgeops,D:\CloudGuardAI\iac_subset\ptavoni_forgeops\etc\quickstart-redhat-openshift\templates\openshift.template,CKV_AWS_107,Ensure IAM policies does not allow credentials exposure,,AWS::IAM::Role.ServiceBrokerRole,https://docs.prismacloud.io/en/enterprise-edition/policy-reference/aws-policies/aws-iam-policies/ensure-iam-policies-do-not-allow-credentials-exposure,,
D:\CloudGuardAI\iac_subset\ptavoni_forgeops,D:\CloudGuardAI\iac_subset\ptavoni_forgeops\etc\quickstart-redhat-openshift\templates\openshift.template,CKV_AWS_108,Ensure IAM policies does not allow data exfiltration,,AWS::IAM::Role.ServiceBrokerRole,https://docs.prismacloud.io/en/enterprise-edition/policy-reference/aws-policies/aws-iam-policies/ensure-iam-policies-do-not-allow-data-exfiltration,,
D:\CloudGuardAI\iac_subset\ptavoni_forgeops,D:\CloudGuardAI\iac_subset\ptavoni_forgeops\etc\quickstart-redhat-openshift\templates\openshift.template,CKV_AWS_109,Ensure IAM policies does not allow permissions management without constraints,,AWS::IAM::Role.ServiceBrokerRole,https://docs.prismacloud.io/en/enterprise-edition/policy-reference/aws-policies/aws-iam-policies/ensure-iam-policies-do-not-allow-permissions-management-resource-exposure-without-constraint,,
D:\CloudGuardAI\iac_subset\ptavoni_forgeops,D:\CloudGuardAI\iac_subset\ptavoni_forgeops\etc\quickstart-redhat-openshift\templates\openshift.template,CKV_AWS_110,Ensure IAM policies does not allow privilege escalation,,AWS::IAM::Role.ServiceBrokerRole,https://docs.prismacloud.io/en/enterprise-edition/policy-reference/aws-policies/aws-iam-policies/ensure-iam-policies-does-not-allow-privilege-escalation,,
D:\CloudGuardAI\iac_subset\ptavoni_forgeops,D:\CloudGuardAI\iac_subset\ptavoni_forgeops\etc\quickstart-redhat-openshift\templates\openshift.template,CKV_AWS_111,Ensure IAM policies does not allow write access without constraints,,AWS::IAM::Role.ServiceBrokerRole,https://docs.prismacloud.io/en/enterprise-edition/policy-reference/aws-policies/aws-iam-policies/ensure-iam-policies-do-not-allow-write-access-without-constraint,,
D:\CloudGuardAI\iac_subset\ptavoni_forgeops,D:\CloudGuardAI\iac_subset\ptavoni_forgeops\etc\quickstart-redhat-openshift\templates\openshift.template,CKV_AWS_109,Ensure IAM policies does not allow permissions management without constraints,,AWS::IAM::Role.SetupRole,https://docs.prismacloud.io/en/enterprise-edition/policy-reference/aws-policies/aws-iam-policies/ensure-iam-policies-do-not-allow-permissions-management-resource-exposure-without-constraint,,
D:\CloudGuardAI\iac_subset\ptavoni_forgeops,D:\CloudGuardAI\iac_subset\ptavoni_forgeops\etc\quickstart-redhat-openshift\templates\openshift.template,CKV_AWS_110,Ensure IAM policies does not allow privilege escalation,,AWS::IAM::Role.SetupRole,https://docs.prismacloud.io/en/enterprise-edition/policy-reference/aws-policies/aws-iam-policies/ensure-iam-policies-does-not-allow-privilege-escalation,,
D:\CloudGuardAI\iac_subset\ptavoni_forgeops,D:\CloudGuardAI\iac_subset\ptavoni_forgeops\etc\quickstart-redhat-openshift\templates\openshift.template,CKV_AWS_111,Ensure IAM policies does not allow write access without constraints,,AWS::IAM::Role.SetupRole,https://docs.prismacloud.io/en/enterprise-edition/policy-reference/aws-policies/aws-iam-policies/ensure-iam-policies-do-not-allow-write-access-without-constraint,,
D:\CloudGuardAI\iac_subset\ptavoni_forgeops,D:\CloudGuardAI\iac_subset\ptavoni_forgeops\etc\quickstart-redhat-openshift\templates\openshift.template,CKV_AWS_158,Ensure that CloudWatch Log Group is encrypted by KMS,,AWS::Logs::LogGroup.OpenshiftLogGroup,https://docs.prismacloud.io/en/enterprise-edition/policy-reference/aws-policies/aws-general-policies/ensure-that-cloudwatch-log-group-is-encrypted-by-kms,,
D:\CloudGuardAI\iac_subset\ptavoni_forgeops,D:\CloudGuardAI\iac_subset\ptavoni_forgeops\etc\quickstart-redhat-openshift\templates\openshift.template,CKV_AWS_8,Ensure all data stored in the Launch configuration EBS is securely encrypted,,AWS::AutoScaling::LaunchConfiguration.OpenShiftEtcdLaunchConfig,https://docs.prismacloud.io/en/enterprise-edition/policy-reference/aws-policies/aws-general-policies/general-13,,
D:\CloudGuardAI\iac_subset\ptavoni_forgeops,D:\CloudGuardAI\iac_subset\ptavoni_forgeops\etc\quickstart-redhat-openshift\templates\openshift.template,CKV_AWS_8,Ensure all data stored in the Launch configuration EBS is securely encrypted,,AWS::AutoScaling::LaunchConfiguration.OpenShiftNodesLaunchConfig,https://docs.prismacloud.io/en/enterprise-edition/policy-reference/aws-policies/aws-general-policies/general-13,,
D:\CloudGuardAI\iac_subset\ptavoni_forgeops,D:\CloudGuardAI\iac_subset\ptavoni_forgeops\etc\quickstart-redhat-openshift\templates\openshift.template,CKV_AWS_8,Ensure all data stored in the Launch configuration EBS is securely encrypted,,AWS::AutoScaling::LaunchConfiguration.OpenShiftMasterASLaunchConfig,https://docs.prismacloud.io/en/enterprise-edition/policy-reference/aws-policies/aws-general-policies/general-13,,
D:\CloudGuardAI\iac_subset\ptavoni_forgeops,D:\CloudGuardAI\iac_subset\ptavoni_forgeops\etc\quickstart-redhat-openshift\templates\openshift.template,CKV_AWS_111,Ensure IAM policies does not allow write access without constraints,,AWS::IAM::Role.CleanupPVRole,https://docs.prismacloud.io/en/enterprise-edition/policy-reference/aws-policies/aws-iam-policies/ensure-iam-policies-do-not-allow-write-access-without-constraint,,
D:\CloudGuardAI\iac_subset\ptavoni_forgeops,D:\CloudGuardAI\iac_subset\ptavoni_forgeops\etc\quickstart-redhat-openshift\templates\openshift.template,CKV_AWS_363,Ensure Lambda Runtime is not deprecated,,AWS::Lambda::Function.CleanupPVLambda,https://docs.prismacloud.io/en/enterprise-edition/policy-reference/aws-policies/aws-general-policies/bc-aws-363,,
D:\CloudGuardAI\iac_subset\ptavoni_forgeops,D:\CloudGuardAI\iac_subset\ptavoni_forgeops\etc\quickstart-redhat-openshift\templates\openshift.template,CKV_AWS_116,Ensure that AWS Lambda function is configured for a Dead Letter Queue(DLQ),,AWS::Lambda::Function.CleanupPVLambda,https://docs.prismacloud.io/en/enterprise-edition/policy-reference/aws-policies/aws-general-policies/ensure-that-aws-lambda-function-is-configured-for-a-dead-letter-queue-dlq,,
D:\CloudGuardAI\iac_subset\ptavoni_forgeops,D:\CloudGuardAI\iac_subset\ptavoni_forgeops\etc\quickstart-redhat-openshift\templates\openshift.template,CKV_AWS_115,Ensure that AWS Lambda function is configured for function-level concurrent execution limit,,AWS::Lambda::Function.CleanupPVLambda,https://docs.prismacloud.io/en/enterprise-edition/policy-reference/aws-policies/aws-general-policies/ensure-that-aws-lambda-function-is-configured-for-function-level-concurrent-execution-limit,,
D:\CloudGuardAI\iac_subset\ptavoni_forgeops,D:\CloudGuardAI\iac_subset\ptavoni_forgeops\etc\quickstart-redhat-openshift\templates\openshift.template,CKV_AWS_117,Ensure that AWS Lambda function is configured inside a VPC,,AWS::Lambda::Function.CleanupPVLambda,https://docs.prismacloud.io/en/enterprise-edition/policy-reference/aws-policies/aws-general-policies/ensure-that-aws-lambda-function-is-configured-inside-a-vpc-1,,
D:\CloudGuardAI\iac_subset\ptavoni_forgeops,D:\CloudGuardAI\iac_subset\ptavoni_forgeops\etc\quickstart-redhat-openshift\templates\openshift.template,CKV_AWS_111,Ensure IAM policies does not allow write access without constraints,,AWS::IAM::Role.ACMCertificateRole,https://docs.prismacloud.io/en/enterprise-edition/policy-reference/aws-policies/aws-iam-policies/ensure-iam-policies-do-not-allow-write-access-without-constraint,,
D:\CloudGuardAI\iac_subset\ptavoni_forgeops,D:\CloudGuardAI\iac_subset\ptavoni_forgeops\etc\quickstart-redhat-openshift\templates\openshift.template,CKV_AWS_363,Ensure Lambda Runtime is not deprecated,,AWS::Lambda::Function.ACMCertificateLambda,https://docs.prismacloud.io/en/enterprise-edition/policy-reference/aws-policies/aws-general-policies/bc-aws-363,,
D:\CloudGuardAI\iac_subset\ptavoni_forgeops,D:\CloudGuardAI\iac_subset\ptavoni_forgeops\etc\quickstart-redhat-openshift\templates\openshift.template,CKV_AWS_116,Ensure that AWS Lambda function is configured for a Dead Letter Queue(DLQ),,AWS::Lambda::Function.ACMCertificateLambda,https://docs.prismacloud.io/en/enterprise-edition/policy-reference/aws-policies/aws-general-policies/ensure-that-aws-lambda-function-is-configured-for-a-dead-letter-queue-dlq,,
D:\CloudGuardAI\iac_subset\ptavoni_forgeops,D:\CloudGuardAI\iac_subset\ptavoni_forgeops\etc\quickstart-redhat-openshift\templates\openshift.template,CKV_AWS_115,Ensure that AWS Lambda function is configured for function-level concurrent execution limit,,AWS::Lambda::Function.ACMCertificateLambda,https://docs.prismacloud.io/en/enterprise-edition/policy-reference/aws-policies/aws-general-policies/ensure-that-aws-lambda-function-is-configured-for-function-level-concurrent-execution-limit,,
D:\CloudGuardAI\iac_subset\ptavoni_forgeops,D:\CloudGuardAI\iac_subset\ptavoni_forgeops\etc\quickstart-redhat-openshift\templates\openshift.template,CKV_AWS_117,Ensure that AWS Lambda function is configured inside a VPC,,AWS::Lambda::Function.ACMCertificateLambda,https://docs.prismacloud.io/en/enterprise-edition/policy-reference/aws-policies/aws-general-policies/ensure-that-aws-lambda-function-is-configured-inside-a-vpc-1,,
D:\CloudGuardAI\iac_subset\ptavoni_forgeops,D:\CloudGuardAI\iac_subset\ptavoni_forgeops\etc\quickstart-redhat-openshift\templates\openshift.template,CKV_AWS_92,Ensure the ELB has access logging enabled,,AWS::ElasticLoadBalancing::LoadBalancer.OpenShiftMasterELB,https://docs.prismacloud.io/en/enterprise-edition/policy-reference/aws-policies/aws-logging-policies/bc-aws-logging-23,,
D:\CloudGuardAI\iac_subset\ptavoni_forgeops,D:\CloudGuardAI\iac_subset\ptavoni_forgeops\etc\quickstart-redhat-openshift\templates\openshift.template,CKV_AWS_92,Ensure the ELB has access logging enabled,,AWS::ElasticLoadBalancing::LoadBalancer.ContainerAccessELB,https://docs.prismacloud.io/en/enterprise-edition/policy-reference/aws-policies/aws-logging-policies/bc-aws-logging-23,,
D:\CloudGuardAI\iac_subset\ptavoni_forgeops,D:\CloudGuardAI\iac_subset\ptavoni_forgeops\etc\quickstart-redhat-openshift\templates\openshift.template,CKV_AWS_91,Ensure the ELBv2 (Application/Network) has access logging enabled,,AWS::ElasticLoadBalancingV2::LoadBalancer.OpenShiftMasterInternalELB,https://docs.prismacloud.io/en/enterprise-edition/policy-reference/aws-policies/aws-logging-policies/bc-aws-logging-22,,
D:\CloudGuardAI\iac_subset\ptavoni_forgeops,D:\CloudGuardAI\iac_subset\ptavoni_forgeops\etc\quickstart-redhat-openshift\templates\openshift.template,CKV_AWS_88,EC2 instance should not have public IP.,,AWS::EC2::Instance.AnsibleConfigServer,https://docs.prismacloud.io/en/enterprise-edition/policy-reference/aws-policies/public-policies/public-12,,
D:\CloudGuardAI\iac_subset\lordabhi1_cdk-for-terraform,checkov_exit_2,"2025-10-01 11:54:26,569 [MainThread  ] [ERROR]  Exception traceback:
Traceback (most recent call last):
  File ""C:\Users\chava\AppData\Roaming\Python\Python311\site-packages\checkov\main.py"", line 532",,,,,,
d:\\CloudGuardAI\iac_subset\Othello1111_Decentralized_Internet,d:\CloudGuardAI\iac_subset\Othello1111_Decentralized_Internet\clusterpost\bigchaindb\k8s\nginx-https\container\nginx.conf.template,CKV_SECRET_6,Base64 High Entropy String,,8cb785e14e49e569955ffdea36a19434bc4df2aa,https://docs.prismacloud.io/en/enterprise-edition/policy-reference/secrets-policies/secrets-policy-index/git-secrets-6,,
d:\\CloudGuardAI\iac_subset\Othello1111_Decentralized_Internet,d:\CloudGuardAI\iac_subset\Othello1111_Decentralized_Internet\clusterpost\bigchaindb\k8s\nginx-openresty\container\nginx.conf.template,CKV_SECRET_6,Base64 High Entropy String,,4dfd0d382f8c8e625c5a16d988b428147b377e8f,https://docs.prismacloud.io/en/enterprise-edition/policy-reference/secrets-policies/secrets-policy-index/git-secrets-6,,
d:\\CloudGuardAI\iac_subset\Othello1111_Decentralized_Internet,d:\CloudGuardAI\iac_subset\Othello1111_Decentralized_Internet\clusterpost\bigchaindb\k8s\nginx-openresty\container\nginx.lua.template,CKV_SECRET_6,Base64 High Entropy String,,4dfd0d382f8c8e625c5a16d988b428147b377e8f,https://docs.prismacloud.io/en/enterprise-edition/policy-reference/secrets-policies/secrets-policy-index/git-secrets-6,,
d:\\CloudGuardAI\iac_subset\ptavoni_forgeops,d:\\CloudGuardAI\iac_subset\ptavoni_forgeops\etc\quickstart-redhat-openshift\templates\openshift.template,CKV_AWS_149,Ensure that Secrets Manager secret is encrypted using KMS CMK,,AWS::SecretsManager::Secret.OpenShiftPasswordSecret,https://docs.prismacloud.io/en/enterprise-edition/policy-reference/aws-policies/aws-general-policies/ensure-that-secrets-manager-secret-is-encrypted-using-kms,,
d:\\CloudGuardAI\iac_subset\ptavoni_forgeops,d:\\CloudGuardAI\iac_subset\ptavoni_forgeops\etc\quickstart-redhat-openshift\templates\openshift.template,CKV_AWS_149,Ensure that Secrets Manager secret is encrypted using KMS CMK,,AWS::SecretsManager::Secret.RedhatSubscriptionSecret,https://docs.prismacloud.io/en/enterprise-edition/policy-reference/aws-policies/aws-general-policies/ensure-that-secrets-manager-secret-is-encrypted-using-kms,,
d:\\CloudGuardAI\iac_subset\ptavoni_forgeops,d:\\CloudGuardAI\iac_subset\ptavoni_forgeops\etc\quickstart-redhat-openshift\templates\openshift.template,CKV_AWS_18,Ensure the S3 bucket has access logging enabled,,AWS::S3::Bucket.RegistryBucket,https://docs.prismacloud.io/en/enterprise-edition/policy-reference/aws-policies/s3-policies/s3-13-enable-logging,,
d:\\CloudGuardAI\iac_subset\ptavoni_forgeops,d:\\CloudGuardAI\iac_subset\ptavoni_forgeops\etc\quickstart-redhat-openshift\templates\openshift.template,CKV_AWS_53,Ensure S3 bucket has block public ACLs enabled,,AWS::S3::Bucket.RegistryBucket,https://docs.prismacloud.io/en/enterprise-edition/policy-reference/aws-policies/s3-policies/bc-aws-s3-19,,
d:\\CloudGuardAI\iac_subset\ptavoni_forgeops,d:\\CloudGuardAI\iac_subset\ptavoni_forgeops\etc\quickstart-redhat-openshift\templates\openshift.template,CKV_AWS_54,Ensure S3 bucket has block public policy enabled,,AWS::S3::Bucket.RegistryBucket,https://docs.prismacloud.io/en/enterprise-edition/policy-reference/aws-policies/s3-policies/bc-aws-s3-20,,
d:\\CloudGuardAI\iac_subset\ptavoni_forgeops,d:\\CloudGuardAI\iac_subset\ptavoni_forgeops\etc\quickstart-redhat-openshift\templates\openshift.template,CKV_AWS_55,Ensure S3 bucket has ignore public ACLs enabled,,AWS::S3::Bucket.RegistryBucket,https://docs.prismacloud.io/en/enterprise-edition/policy-reference/aws-policies/s3-policies/bc-aws-s3-21,,
d:\\CloudGuardAI\iac_subset\ptavoni_forgeops,d:\\CloudGuardAI\iac_subset\ptavoni_forgeops\etc\quickstart-redhat-openshift\templates\openshift.template,CKV_AWS_56,Ensure S3 bucket has RestrictPublicBuckets enabled,,AWS::S3::Bucket.RegistryBucket,https://docs.prismacloud.io/en/enterprise-edition/policy-reference/aws-policies/s3-policies/bc-aws-s3-22,,
d:\\CloudGuardAI\iac_subset\ptavoni_forgeops,d:\\CloudGuardAI\iac_subset\ptavoni_forgeops\etc\quickstart-redhat-openshift\templates\openshift.template,CKV_AWS_21,Ensure the S3 bucket has versioning enabled,,AWS::S3::Bucket.RegistryBucket,https://docs.prismacloud.io/en/enterprise-edition/policy-reference/aws-policies/s3-policies/s3-16-enable-versioning,,
d:\\CloudGuardAI\iac_subset\ptavoni_forgeops,d:\\CloudGuardAI\iac_subset\ptavoni_forgeops\etc\quickstart-redhat-openshift\templates\openshift.template,CKV_AWS_363,Ensure Lambda Runtime is not deprecated,,AWS::Lambda::Function.KeyGen,https://docs.prismacloud.io/en/enterprise-edition/policy-reference/aws-policies/aws-general-policies/bc-aws-363,,
d:\\CloudGuardAI\iac_subset\ptavoni_forgeops,d:\\CloudGuardAI\iac_subset\ptavoni_forgeops\etc\quickstart-redhat-openshift\templates\openshift.template,CKV_AWS_116,Ensure that AWS Lambda function is configured for a Dead Letter Queue(DLQ),,AWS::Lambda::Function.KeyGen,https://docs.prismacloud.io/en/enterprise-edition/policy-reference/aws-policies/aws-general-policies/ensure-that-aws-lambda-function-is-configured-for-a-dead-letter-queue-dlq,,
d:\\CloudGuardAI\iac_subset\ptavoni_forgeops,d:\\CloudGuardAI\iac_subset\ptavoni_forgeops\etc\quickstart-redhat-openshift\templates\openshift.template,CKV_AWS_115,Ensure that AWS Lambda function is configured for function-level concurrent execution limit,,AWS::Lambda::Function.KeyGen,https://docs.prismacloud.io/en/enterprise-edition/policy-reference/aws-policies/aws-general-policies/ensure-that-aws-lambda-function-is-configured-for-function-level-concurrent-execution-limit,,
d:\\CloudGuardAI\iac_subset\ptavoni_forgeops,d:\\CloudGuardAI\iac_subset\ptavoni_forgeops\etc\quickstart-redhat-openshift\templates\openshift.template,CKV_AWS_117,Ensure that AWS Lambda function is configured inside a VPC,,AWS::Lambda::Function.KeyGen,https://docs.prismacloud.io/en/enterprise-edition/policy-reference/aws-policies/aws-general-policies/ensure-that-aws-lambda-function-is-configured-inside-a-vpc-1,,
d:\\CloudGuardAI\iac_subset\ptavoni_forgeops,d:\\CloudGuardAI\iac_subset\ptavoni_forgeops\etc\quickstart-redhat-openshift\templates\openshift.template,CKV_AWS_18,Ensure the S3 bucket has access logging enabled,,AWS::S3::Bucket.LambdaZipsBucket,https://docs.prismacloud.io/en/enterprise-edition/policy-reference/aws-policies/s3-policies/s3-13-enable-logging,,
d:\\CloudGuardAI\iac_subset\ptavoni_forgeops,d:\\CloudGuardAI\iac_subset\ptavoni_forgeops\etc\quickstart-redhat-openshift\templates\openshift.template,CKV_AWS_53,Ensure S3 bucket has block public ACLs enabled,,AWS::S3::Bucket.LambdaZipsBucket,https://docs.prismacloud.io/en/enterprise-edition/policy-reference/aws-policies/s3-policies/bc-aws-s3-19,,
d:\\CloudGuardAI\iac_subset\ptavoni_forgeops,d:\\CloudGuardAI\iac_subset\ptavoni_forgeops\etc\quickstart-redhat-openshift\templates\openshift.template,CKV_AWS_54,Ensure S3 bucket has block public policy enabled,,AWS::S3::Bucket.LambdaZipsBucket,https://docs.prismacloud.io/en/enterprise-edition/policy-reference/aws-policies/s3-policies/bc-aws-s3-20,,
d:\\CloudGuardAI\iac_subset\ptavoni_forgeops,d:\\CloudGuardAI\iac_subset\ptavoni_forgeops\etc\quickstart-redhat-openshift\templates\openshift.template,CKV_AWS_55,Ensure S3 bucket has ignore public ACLs enabled,,AWS::S3::Bucket.LambdaZipsBucket,https://docs.prismacloud.io/en/enterprise-edition/policy-reference/aws-policies/s3-policies/bc-aws-s3-21,,
d:\\CloudGuardAI\iac_subset\ptavoni_forgeops,d:\\CloudGuardAI\iac_subset\ptavoni_forgeops\etc\quickstart-redhat-openshift\templates\openshift.template,CKV_AWS_56,Ensure S3 bucket has RestrictPublicBuckets enabled,,AWS::S3::Bucket.LambdaZipsBucket,https://docs.prismacloud.io/en/enterprise-edition/policy-reference/aws-policies/s3-policies/bc-aws-s3-22,,
d:\\CloudGuardAI\iac_subset\ptavoni_forgeops,d:\\CloudGuardAI\iac_subset\ptavoni_forgeops\etc\quickstart-redhat-openshift\templates\openshift.template,CKV_AWS_21,Ensure the S3 bucket has versioning enabled,,AWS::S3::Bucket.LambdaZipsBucket,https://docs.prismacloud.io/en/enterprise-edition/policy-reference/aws-policies/s3-policies/s3-16-enable-versioning,,
d:\\CloudGuardAI\iac_subset\ptavoni_forgeops,d:\\CloudGuardAI\iac_subset\ptavoni_forgeops\etc\quickstart-redhat-openshift\templates\openshift.template,CKV_AWS_363,Ensure Lambda Runtime is not deprecated,,AWS::Lambda::Function.DeleteBucketContentsLambda,https://docs.prismacloud.io/en/enterprise-edition/policy-reference/aws-policies/aws-general-policies/bc-aws-363,,
d:\\CloudGuardAI\iac_subset\ptavoni_forgeops,d:\\CloudGuardAI\iac_subset\ptavoni_forgeops\etc\quickstart-redhat-openshift\templates\openshift.template,CKV_AWS_116,Ensure that AWS Lambda function is configured for a Dead Letter Queue(DLQ),,AWS::Lambda::Function.DeleteBucketContentsLambda,https://docs.prismacloud.io/en/enterprise-edition/policy-reference/aws-policies/aws-general-policies/ensure-that-aws-lambda-function-is-configured-for-a-dead-letter-queue-dlq,,
d:\\CloudGuardAI\iac_subset\ptavoni_forgeops,d:\\CloudGuardAI\iac_subset\ptavoni_forgeops\etc\quickstart-redhat-openshift\templates\openshift.template,CKV_AWS_115,Ensure that AWS Lambda function is configured for function-level concurrent execution limit,,AWS::Lambda::Function.DeleteBucketContentsLambda,https://docs.prismacloud.io/en/enterprise-edition/policy-reference/aws-policies/aws-general-policies/ensure-that-aws-lambda-function-is-configured-for-function-level-concurrent-execution-limit,,
d:\\CloudGuardAI\iac_subset\ptavoni_forgeops,d:\\CloudGuardAI\iac_subset\ptavoni_forgeops\etc\quickstart-redhat-openshift\templates\openshift.template,CKV_AWS_117,Ensure that AWS Lambda function is configured inside a VPC,,AWS::Lambda::Function.DeleteBucketContentsLambda,https://docs.prismacloud.io/en/enterprise-edition/policy-reference/aws-policies/aws-general-policies/ensure-that-aws-lambda-function-is-configured-inside-a-vpc-1,,
d:\\CloudGuardAI\iac_subset\ptavoni_forgeops,d:\\CloudGuardAI\iac_subset\ptavoni_forgeops\etc\quickstart-redhat-openshift\templates\openshift.template,CKV_AWS_363,Ensure Lambda Runtime is not deprecated,,AWS::Lambda::Function.CopyZipsFunction,https://docs.prismacloud.io/en/enterprise-edition/policy-reference/aws-policies/aws-general-policies/bc-aws-363,,
d:\\CloudGuardAI\iac_subset\ptavoni_forgeops,d:\\CloudGuardAI\iac_subset\ptavoni_forgeops\etc\quickstart-redhat-openshift\templates\openshift.template,CKV_AWS_116,Ensure that AWS Lambda function is configured for a Dead Letter Queue(DLQ),,AWS::Lambda::Function.CopyZipsFunction,https://docs.prismacloud.io/en/enterprise-edition/policy-reference/aws-policies/aws-general-policies/ensure-that-aws-lambda-function-is-configured-for-a-dead-letter-queue-dlq,,
d:\\CloudGuardAI\iac_subset\ptavoni_forgeops,d:\\CloudGuardAI\iac_subset\ptavoni_forgeops\etc\quickstart-redhat-openshift\templates\openshift.template,CKV_AWS_115,Ensure that AWS Lambda function is configured for function-level concurrent execution limit,,AWS::Lambda::Function.CopyZipsFunction,https://docs.prismacloud.io/en/enterprise-edition/policy-reference/aws-policies/aws-general-policies/ensure-that-aws-lambda-function-is-configured-for-function-level-concurrent-execution-limit,,
d:\\CloudGuardAI\iac_subset\ptavoni_forgeops,d:\\CloudGuardAI\iac_subset\ptavoni_forgeops\etc\quickstart-redhat-openshift\templates\openshift.template,CKV_AWS_117,Ensure that AWS Lambda function is configured inside a VPC,,AWS::Lambda::Function.CopyZipsFunction,https://docs.prismacloud.io/en/enterprise-edition/policy-reference/aws-policies/aws-general-policies/ensure-that-aws-lambda-function-is-configured-inside-a-vpc-1,,
d:\\CloudGuardAI\iac_subset\ptavoni_forgeops,d:\\CloudGuardAI\iac_subset\ptavoni_forgeops\etc\quickstart-redhat-openshift\templates\openshift.template,CKV_AWS_18,Ensure the S3 bucket has access logging enabled,,AWS::S3::Bucket.OutputBucket,https://docs.prismacloud.io/en/enterprise-edition/policy-reference/aws-policies/s3-policies/s3-13-enable-logging,,
d:\\CloudGuardAI\iac_subset\ptavoni_forgeops,d:\\CloudGuardAI\iac_subset\ptavoni_forgeops\etc\quickstart-redhat-openshift\templates\openshift.template,CKV_AWS_53,Ensure S3 bucket has block public ACLs enabled,,AWS::S3::Bucket.OutputBucket,https://docs.prismacloud.io/en/enterprise-edition/policy-reference/aws-policies/s3-policies/bc-aws-s3-19,,
d:\\CloudGuardAI\iac_subset\ptavoni_forgeops,d:\\CloudGuardAI\iac_subset\ptavoni_forgeops\etc\quickstart-redhat-openshift\templates\openshift.template,CKV_AWS_54,Ensure S3 bucket has block public policy enabled,,AWS::S3::Bucket.OutputBucket,https://docs.prismacloud.io/en/enterprise-edition/policy-reference/aws-policies/s3-policies/bc-aws-s3-20,,
d:\\CloudGuardAI\iac_subset\ptavoni_forgeops,d:\\CloudGuardAI\iac_subset\ptavoni_forgeops\etc\quickstart-redhat-openshift\templates\openshift.template,CKV_AWS_55,Ensure S3 bucket has ignore public ACLs enabled,,AWS::S3::Bucket.OutputBucket,https://docs.prismacloud.io/en/enterprise-edition/policy-reference/aws-policies/s3-policies/bc-aws-s3-21,,
d:\\CloudGuardAI\iac_subset\ptavoni_forgeops,d:\\CloudGuardAI\iac_subset\ptavoni_forgeops\etc\quickstart-redhat-openshift\templates\openshift.template,CKV_AWS_56,Ensure S3 bucket has RestrictPublicBuckets enabled,,AWS::S3::Bucket.OutputBucket,https://docs.prismacloud.io/en/enterprise-edition/policy-reference/aws-policies/s3-policies/bc-aws-s3-22,,
d:\\CloudGuardAI\iac_subset\ptavoni_forgeops,d:\\CloudGuardAI\iac_subset\ptavoni_forgeops\etc\quickstart-redhat-openshift\templates\openshift.template,CKV_AWS_23,Ensure every security groups rule has a description,,AWS::EC2::SecurityGroup.OpenShiftSecurityGroup,https://docs.prismacloud.io/en/enterprise-edition/policy-reference/aws-policies/aws-networking-policies/networking-31,,
d:\\CloudGuardAI\iac_subset\ptavoni_forgeops,d:\\CloudGuardAI\iac_subset\ptavoni_forgeops\etc\quickstart-redhat-openshift\templates\openshift.template,CKV_AWS_23,Ensure every security groups rule has a description,,AWS::EC2::SecurityGroup.OpenShiftNodeSecurityGroup,https://docs.prismacloud.io/en/enterprise-edition/policy-reference/aws-policies/aws-networking-policies/networking-31,,
d:\\CloudGuardAI\iac_subset\ptavoni_forgeops,d:\\CloudGuardAI\iac_subset\ptavoni_forgeops\etc\quickstart-redhat-openshift\templates\openshift.template,CKV_AWS_28,Ensure DynamoDB point in time recovery (backup) is enabled,,AWS::DynamoDB::Table.ServiceBrokerTable,https://docs.prismacloud.io/en/enterprise-edition/policy-reference/aws-policies/aws-general-policies/general-6,,
d:\\CloudGuardAI\iac_subset\ptavoni_forgeops,d:\\CloudGuardAI\iac_subset\ptavoni_forgeops\etc\quickstart-redhat-openshift\templates\openshift.template,CKV_AWS_119,Ensure DynamoDB Tables are encrypted using a KMS Customer Managed CMK,,AWS::DynamoDB::Table.ServiceBrokerTable,https://docs.prismacloud.io/en/enterprise-edition/policy-reference/aws-policies/aws-general-policies/bc-aws-52,,
d:\\CloudGuardAI\iac_subset\ptavoni_forgeops,d:\\CloudGuardAI\iac_subset\ptavoni_forgeops\etc\quickstart-redhat-openshift\templates\openshift.template,CKV_AWS_107,Ensure IAM policies does not allow credentials exposure,,AWS::IAM::Role.ServiceBrokerRole,https://docs.prismacloud.io/en/enterprise-edition/policy-reference/aws-policies/aws-iam-policies/ensure-iam-policies-do-not-allow-credentials-exposure,,
d:\\CloudGuardAI\iac_subset\ptavoni_forgeops,d:\\CloudGuardAI\iac_subset\ptavoni_forgeops\etc\quickstart-redhat-openshift\templates\openshift.template,CKV_AWS_108,Ensure IAM policies does not allow data exfiltration,,AWS::IAM::Role.ServiceBrokerRole,https://docs.prismacloud.io/en/enterprise-edition/policy-reference/aws-policies/aws-iam-policies/ensure-iam-policies-do-not-allow-data-exfiltration,,
d:\\CloudGuardAI\iac_subset\ptavoni_forgeops,d:\\CloudGuardAI\iac_subset\ptavoni_forgeops\etc\quickstart-redhat-openshift\templates\openshift.template,CKV_AWS_109,Ensure IAM policies does not allow permissions management without constraints,,AWS::IAM::Role.ServiceBrokerRole,https://docs.prismacloud.io/en/enterprise-edition/policy-reference/aws-policies/aws-iam-policies/ensure-iam-policies-do-not-allow-permissions-management-resource-exposure-without-constraint,,
d:\\CloudGuardAI\iac_subset\ptavoni_forgeops,d:\\CloudGuardAI\iac_subset\ptavoni_forgeops\etc\quickstart-redhat-openshift\templates\openshift.template,CKV_AWS_110,Ensure IAM policies does not allow privilege escalation,,AWS::IAM::Role.ServiceBrokerRole,https://docs.prismacloud.io/en/enterprise-edition/policy-reference/aws-policies/aws-iam-policies/ensure-iam-policies-does-not-allow-privilege-escalation,,
d:\\CloudGuardAI\iac_subset\ptavoni_forgeops,d:\\CloudGuardAI\iac_subset\ptavoni_forgeops\etc\quickstart-redhat-openshift\templates\openshift.template,CKV_AWS_111,Ensure IAM policies does not allow write access without constraints,,AWS::IAM::Role.ServiceBrokerRole,https://docs.prismacloud.io/en/enterprise-edition/policy-reference/aws-policies/aws-iam-policies/ensure-iam-policies-do-not-allow-write-access-without-constraint,,
d:\\CloudGuardAI\iac_subset\ptavoni_forgeops,d:\\CloudGuardAI\iac_subset\ptavoni_forgeops\etc\quickstart-redhat-openshift\templates\openshift.template,CKV_AWS_109,Ensure IAM policies does not allow permissions management without constraints,,AWS::IAM::Role.SetupRole,https://docs.prismacloud.io/en/enterprise-edition/policy-reference/aws-policies/aws-iam-policies/ensure-iam-policies-do-not-allow-permissions-management-resource-exposure-without-constraint,,
d:\\CloudGuardAI\iac_subset\ptavoni_forgeops,d:\\CloudGuardAI\iac_subset\ptavoni_forgeops\etc\quickstart-redhat-openshift\templates\openshift.template,CKV_AWS_110,Ensure IAM policies does not allow privilege escalation,,AWS::IAM::Role.SetupRole,https://docs.prismacloud.io/en/enterprise-edition/policy-reference/aws-policies/aws-iam-policies/ensure-iam-policies-does-not-allow-privilege-escalation,,
d:\\CloudGuardAI\iac_subset\ptavoni_forgeops,d:\\CloudGuardAI\iac_subset\ptavoni_forgeops\etc\quickstart-redhat-openshift\templates\openshift.template,CKV_AWS_111,Ensure IAM policies does not allow write access without constraints,,AWS::IAM::Role.SetupRole,https://docs.prismacloud.io/en/enterprise-edition/policy-reference/aws-policies/aws-iam-policies/ensure-iam-policies-do-not-allow-write-access-without-constraint,,
d:\\CloudGuardAI\iac_subset\ptavoni_forgeops,d:\\CloudGuardAI\iac_subset\ptavoni_forgeops\etc\quickstart-redhat-openshift\templates\openshift.template,CKV_AWS_158,Ensure that CloudWatch Log Group is encrypted by KMS,,AWS::Logs::LogGroup.OpenshiftLogGroup,https://docs.prismacloud.io/en/enterprise-edition/policy-reference/aws-policies/aws-general-policies/ensure-that-cloudwatch-log-group-is-encrypted-by-kms,,
d:\\CloudGuardAI\iac_subset\ptavoni_forgeops,d:\\CloudGuardAI\iac_subset\ptavoni_forgeops\etc\quickstart-redhat-openshift\templates\openshift.template,CKV_AWS_8,Ensure all data stored in the Launch configuration EBS is securely encrypted,,AWS::AutoScaling::LaunchConfiguration.OpenShiftEtcdLaunchConfig,https://docs.prismacloud.io/en/enterprise-edition/policy-reference/aws-policies/aws-general-policies/general-13,,
d:\\CloudGuardAI\iac_subset\ptavoni_forgeops,d:\\CloudGuardAI\iac_subset\ptavoni_forgeops\etc\quickstart-redhat-openshift\templates\openshift.template,CKV_AWS_8,Ensure all data stored in the Launch configuration EBS is securely encrypted,,AWS::AutoScaling::LaunchConfiguration.OpenShiftNodesLaunchConfig,https://docs.prismacloud.io/en/enterprise-edition/policy-reference/aws-policies/aws-general-policies/general-13,,
d:\\CloudGuardAI\iac_subset\ptavoni_forgeops,d:\\CloudGuardAI\iac_subset\ptavoni_forgeops\etc\quickstart-redhat-openshift\templates\openshift.template,CKV_AWS_8,Ensure all data stored in the Launch configuration EBS is securely encrypted,,AWS::AutoScaling::LaunchConfiguration.OpenShiftMasterASLaunchConfig,https://docs.prismacloud.io/en/enterprise-edition/policy-reference/aws-policies/aws-general-policies/general-13,,
d:\\CloudGuardAI\iac_subset\ptavoni_forgeops,d:\\CloudGuardAI\iac_subset\ptavoni_forgeops\etc\quickstart-redhat-openshift\templates\openshift.template,CKV_AWS_111,Ensure IAM policies does not allow write access without constraints,,AWS::IAM::Role.CleanupPVRole,https://docs.prismacloud.io/en/enterprise-edition/policy-reference/aws-policies/aws-iam-policies/ensure-iam-policies-do-not-allow-write-access-without-constraint,,
d:\\CloudGuardAI\iac_subset\ptavoni_forgeops,d:\\CloudGuardAI\iac_subset\ptavoni_forgeops\etc\quickstart-redhat-openshift\templates\openshift.template,CKV_AWS_363,Ensure Lambda Runtime is not deprecated,,AWS::Lambda::Function.CleanupPVLambda,https://docs.prismacloud.io/en/enterprise-edition/policy-reference/aws-policies/aws-general-policies/bc-aws-363,,
d:\\CloudGuardAI\iac_subset\ptavoni_forgeops,d:\\CloudGuardAI\iac_subset\ptavoni_forgeops\etc\quickstart-redhat-openshift\templates\openshift.template,CKV_AWS_116,Ensure that AWS Lambda function is configured for a Dead Letter Queue(DLQ),,AWS::Lambda::Function.CleanupPVLambda,https://docs.prismacloud.io/en/enterprise-edition/policy-reference/aws-policies/aws-general-policies/ensure-that-aws-lambda-function-is-configured-for-a-dead-letter-queue-dlq,,
d:\\CloudGuardAI\iac_subset\ptavoni_forgeops,d:\\CloudGuardAI\iac_subset\ptavoni_forgeops\etc\quickstart-redhat-openshift\templates\openshift.template,CKV_AWS_115,Ensure that AWS Lambda function is configured for function-level concurrent execution limit,,AWS::Lambda::Function.CleanupPVLambda,https://docs.prismacloud.io/en/enterprise-edition/policy-reference/aws-policies/aws-general-policies/ensure-that-aws-lambda-function-is-configured-for-function-level-concurrent-execution-limit,,
d:\\CloudGuardAI\iac_subset\ptavoni_forgeops,d:\\CloudGuardAI\iac_subset\ptavoni_forgeops\etc\quickstart-redhat-openshift\templates\openshift.template,CKV_AWS_117,Ensure that AWS Lambda function is configured inside a VPC,,AWS::Lambda::Function.CleanupPVLambda,https://docs.prismacloud.io/en/enterprise-edition/policy-reference/aws-policies/aws-general-policies/ensure-that-aws-lambda-function-is-configured-inside-a-vpc-1,,
d:\\CloudGuardAI\iac_subset\ptavoni_forgeops,d:\\CloudGuardAI\iac_subset\ptavoni_forgeops\etc\quickstart-redhat-openshift\templates\openshift.template,CKV_AWS_111,Ensure IAM policies does not allow write access without constraints,,AWS::IAM::Role.ACMCertificateRole,https://docs.prismacloud.io/en/enterprise-edition/policy-reference/aws-policies/aws-iam-policies/ensure-iam-policies-do-not-allow-write-access-without-constraint,,
d:\\CloudGuardAI\iac_subset\ptavoni_forgeops,d:\\CloudGuardAI\iac_subset\ptavoni_forgeops\etc\quickstart-redhat-openshift\templates\openshift.template,CKV_AWS_363,Ensure Lambda Runtime is not deprecated,,AWS::Lambda::Function.ACMCertificateLambda,https://docs.prismacloud.io/en/enterprise-edition/policy-reference/aws-policies/aws-general-policies/bc-aws-363,,
d:\\CloudGuardAI\iac_subset\ptavoni_forgeops,d:\\CloudGuardAI\iac_subset\ptavoni_forgeops\etc\quickstart-redhat-openshift\templates\openshift.template,CKV_AWS_116,Ensure that AWS Lambda function is configured for a Dead Letter Queue(DLQ),,AWS::Lambda::Function.ACMCertificateLambda,https://docs.prismacloud.io/en/enterprise-edition/policy-reference/aws-policies/aws-general-policies/ensure-that-aws-lambda-function-is-configured-for-a-dead-letter-queue-dlq,,
d:\\CloudGuardAI\iac_subset\ptavoni_forgeops,d:\\CloudGuardAI\iac_subset\ptavoni_forgeops\etc\quickstart-redhat-openshift\templates\openshift.template,CKV_AWS_115,Ensure that AWS Lambda function is configured for function-level concurrent execution limit,,AWS::Lambda::Function.ACMCertificateLambda,https://docs.prismacloud.io/en/enterprise-edition/policy-reference/aws-policies/aws-general-policies/ensure-that-aws-lambda-function-is-configured-for-function-level-concurrent-execution-limit,,
d:\\CloudGuardAI\iac_subset\ptavoni_forgeops,d:\\CloudGuardAI\iac_subset\ptavoni_forgeops\etc\quickstart-redhat-openshift\templates\openshift.template,CKV_AWS_117,Ensure that AWS Lambda function is configured inside a VPC,,AWS::Lambda::Function.ACMCertificateLambda,https://docs.prismacloud.io/en/enterprise-edition/policy-reference/aws-policies/aws-general-policies/ensure-that-aws-lambda-function-is-configured-inside-a-vpc-1,,
d:\\CloudGuardAI\iac_subset\ptavoni_forgeops,d:\\CloudGuardAI\iac_subset\ptavoni_forgeops\etc\quickstart-redhat-openshift\templates\openshift.template,CKV_AWS_92,Ensure the ELB has access logging enabled,,AWS::ElasticLoadBalancing::LoadBalancer.OpenShiftMasterELB,https://docs.prismacloud.io/en/enterprise-edition/policy-reference/aws-policies/aws-logging-policies/bc-aws-logging-23,,
d:\\CloudGuardAI\iac_subset\ptavoni_forgeops,d:\\CloudGuardAI\iac_subset\ptavoni_forgeops\etc\quickstart-redhat-openshift\templates\openshift.template,CKV_AWS_92,Ensure the ELB has access logging enabled,,AWS::ElasticLoadBalancing::LoadBalancer.ContainerAccessELB,https://docs.prismacloud.io/en/enterprise-edition/policy-reference/aws-policies/aws-logging-policies/bc-aws-logging-23,,
d:\\CloudGuardAI\iac_subset\ptavoni_forgeops,d:\\CloudGuardAI\iac_subset\ptavoni_forgeops\etc\quickstart-redhat-openshift\templates\openshift.template,CKV_AWS_91,Ensure the ELBv2 (Application/Network) has access logging enabled,,AWS::ElasticLoadBalancingV2::LoadBalancer.OpenShiftMasterInternalELB,https://docs.prismacloud.io/en/enterprise-edition/policy-reference/aws-policies/aws-logging-policies/bc-aws-logging-22,,
d:\\CloudGuardAI\iac_subset\ptavoni_forgeops,d:\\CloudGuardAI\iac_subset\ptavoni_forgeops\etc\quickstart-redhat-openshift\templates\openshift.template,CKV_AWS_88,EC2 instance should not have public IP.,,AWS::EC2::Instance.AnsibleConfigServer,https://docs.prismacloud.io/en/enterprise-edition/policy-reference/aws-policies/public-policies/public-12,,
d:\\CloudGuardAI\iac_subset\chrisguest75_terraform_examples,d:\CloudGuardAI\iac_subset\chrisguest75_terraform_examples\36_codeartifact\01_test_client_npm\Dockerfile.chainguard,CKV_DOCKER_7,Ensure the base image uses a non latest version tag,,/36_codeartifact\01_test_client_npm\Dockerfile.chainguard.FROM,https://docs.prismacloud.io/en/enterprise-edition/policy-reference/docker-policies/docker-policy-index/ensure-the-base-image-uses-a-non-latest-version-tag,,
d:\\CloudGuardAI\iac_subset\chrisguest75_terraform_examples,d:\CloudGuardAI\iac_subset\chrisguest75_terraform_examples\36_codeartifact\01_test_client_npm\Dockerfile.chainguard,CKV_DOCKER_8,Ensure the last USER is not root,,/36_codeartifact\01_test_client_npm\Dockerfile.chainguard.USER,https://docs.prismacloud.io/en/enterprise-edition/policy-reference/docker-policies/docker-policy-index/ensure-the-last-user-is-not-root,,
d:\\CloudGuardAI\iac_subset\chrisguest75_terraform_examples,d:\CloudGuardAI\iac_subset\chrisguest75_terraform_examples\36_codeartifact\01_test_client_npm\Dockerfile.chainguard,CKV_DOCKER_2,Ensure that HEALTHCHECK instructions have been added to container images,,/36_codeartifact\01_test_client_npm\Dockerfile.chainguard.,https://docs.prismacloud.io/en/enterprise-edition/policy-reference/docker-policies/docker-policy-index/ensure-that-healthcheck-instructions-have-been-added-to-container-images,,
d:\\CloudGuardAI\iac_subset\redhwannacef_youtube-tutorials,d:\CloudGuardAI\iac_subset\redhwannacef_youtube-tutorials\quarkus-tutorial\src\main\docker\Dockerfile.fast-jar,CKV_DOCKER_2,Ensure that HEALTHCHECK instructions have been added to container images,,/quarkus-tutorial\src\main\docker\Dockerfile.fast-jar.,https://docs.prismacloud.io/en/enterprise-edition/policy-reference/docker-policies/docker-policy-index/ensure-that-healthcheck-instructions-have-been-added-to-container-images,,
d:\\CloudGuardAI\iac_subset\redhwannacef_youtube-tutorials,d:\CloudGuardAI\iac_subset\redhwannacef_youtube-tutorials\quarkus-tutorial\src\main\docker\Dockerfile.native,CKV_DOCKER_2,Ensure that HEALTHCHECK instructions have been added to container images,,/quarkus-tutorial\src\main\docker\Dockerfile.native.,https://docs.prismacloud.io/en/enterprise-edition/policy-reference/docker-policies/docker-policy-index/ensure-that-healthcheck-instructions-have-been-added-to-container-images,,
d:\\CloudGuardAI\iac_subset\redhwannacef_youtube-tutorials,d:\CloudGuardAI\iac_subset\redhwannacef_youtube-tutorials\quarkus-tutorial\src\main\docker\Dockerfile.jvm,CKV_DOCKER_2,Ensure that HEALTHCHECK instructions have been added to container images,,/quarkus-tutorial\src\main\docker\Dockerfile.jvm.,https://docs.prismacloud.io/en/enterprise-edition/policy-reference/docker-policies/docker-policy-index/ensure-that-healthcheck-instructions-have-been-added-to-container-images,,
d:\\CloudGuardAI\iac_subset\andrekiba_CrazyBike,d:\CloudGuardAI\iac_subset\andrekiba_CrazyBike\src\CrazyBike.Shipper\Dockerfile.shipper,CKV_DOCKER_7,Ensure the base image uses a non latest version tag,,/src\CrazyBike.Shipper\Dockerfile.shipper.FROM,https://docs.prismacloud.io/en/enterprise-edition/policy-reference/docker-policies/docker-policy-index/ensure-the-base-image-uses-a-non-latest-version-tag,,
d:\\CloudGuardAI\iac_subset\andrekiba_CrazyBike,d:\CloudGuardAI\iac_subset\andrekiba_CrazyBike\src\CrazyBike.Shipper\Dockerfile.shipper,CKV_DOCKER_2,Ensure that HEALTHCHECK instructions have been added to container images,,/src\CrazyBike.Shipper\Dockerfile.shipper.,https://docs.prismacloud.io/en/enterprise-edition/policy-reference/docker-policies/docker-policy-index/ensure-that-healthcheck-instructions-have-been-added-to-container-images,,
d:\\CloudGuardAI\iac_subset\andrekiba_CrazyBike,d:\CloudGuardAI\iac_subset\andrekiba_CrazyBike\src\CrazyBike.Shipper\Dockerfile.shipper,CKV_DOCKER_3,Ensure that a user for the container has been created,,/src\CrazyBike.Shipper\Dockerfile.shipper.,https://docs.prismacloud.io/en/enterprise-edition/policy-reference/docker-policies/docker-policy-index/ensure-that-a-user-for-the-container-has-been-created,,
d:\\CloudGuardAI\iac_subset\andrekiba_CrazyBike,d:\CloudGuardAI\iac_subset\andrekiba_CrazyBike\src\CrazyBike.Buy\Dockerfile.buy,CKV_DOCKER_7,Ensure the base image uses a non latest version tag,,/src\CrazyBike.Buy\Dockerfile.buy.FROM,https://docs.prismacloud.io/en/enterprise-edition/policy-reference/docker-policies/docker-policy-index/ensure-the-base-image-uses-a-non-latest-version-tag,,
d:\\CloudGuardAI\iac_subset\andrekiba_CrazyBike,d:\CloudGuardAI\iac_subset\andrekiba_CrazyBike\src\CrazyBike.Buy\Dockerfile.buy,CKV_DOCKER_2,Ensure that HEALTHCHECK instructions have been added to container images,,/src\CrazyBike.Buy\Dockerfile.buy.,https://docs.prismacloud.io/en/enterprise-edition/policy-reference/docker-policies/docker-policy-index/ensure-that-healthcheck-instructions-have-been-added-to-container-images,,
d:\\CloudGuardAI\iac_subset\andrekiba_CrazyBike,d:\CloudGuardAI\iac_subset\andrekiba_CrazyBike\src\CrazyBike.Buy\Dockerfile.buy,CKV_DOCKER_3,Ensure that a user for the container has been created,,/src\CrazyBike.Buy\Dockerfile.buy.,https://docs.prismacloud.io/en/enterprise-edition/policy-reference/docker-policies/docker-policy-index/ensure-that-a-user-for-the-container-has-been-created,,
d:\\CloudGuardAI\iac_subset\andrekiba_CrazyBike,d:\CloudGuardAI\iac_subset\andrekiba_CrazyBike\src\CrazyBike.Assembler\Dockerfile.assembler,CKV_DOCKER_7,Ensure the base image uses a non latest version tag,,/src\CrazyBike.Assembler\Dockerfile.assembler.FROM,https://docs.prismacloud.io/en/enterprise-edition/policy-reference/docker-policies/docker-policy-index/ensure-the-base-image-uses-a-non-latest-version-tag,,
d:\\CloudGuardAI\iac_subset\andrekiba_CrazyBike,d:\CloudGuardAI\iac_subset\andrekiba_CrazyBike\src\CrazyBike.Assembler\Dockerfile.assembler,CKV_DOCKER_2,Ensure that HEALTHCHECK instructions have been added to container images,,/src\CrazyBike.Assembler\Dockerfile.assembler.,https://docs.prismacloud.io/en/enterprise-edition/policy-reference/docker-policies/docker-policy-index/ensure-that-healthcheck-instructions-have-been-added-to-container-images,,
d:\\CloudGuardAI\iac_subset\andrekiba_CrazyBike,d:\CloudGuardAI\iac_subset\andrekiba_CrazyBike\src\CrazyBike.Assembler\Dockerfile.assembler,CKV_DOCKER_3,Ensure that a user for the container has been created,,/src\CrazyBike.Assembler\Dockerfile.assembler.,https://docs.prismacloud.io/en/enterprise-edition/policy-reference/docker-policies/docker-policy-index/ensure-that-a-user-for-the-container-has-been-created,,
d:\\CloudGuardAI\iac_subset\lordabhi1_cdk-for-terraform,checkov_exit_2,"2025-10-01 12:22:24,875 [MainThread  ] [ERROR]  Exception traceback:
Traceback (most recent call last):
  File ""C:\Users\chava\AppData\Roaming\Python\Python311\site-packages\checkov\main.py"", line 532",,,,,,
d:\\CloudGuardAI\iac_subset\neilkuan_cdk-terraform-aws-ecs-fargate,checkov_exit_3221225786,^C,,,,,,
d:\\CloudGuardAI\iac_subset\ksivamuthu_eks-pulumi-demo,json_parse_error: Expecting value: line 1 column 1 (char 0),,,,,,,
d:\\CloudGuardAI\iac_subset\koffe0522_cdktf-templates,checkov_exit_3221225786,^C,,,,,,
d:\\CloudGuardAI\iac_subset\kmkatsma_pulumi-az-xwalk,checkov_exit_3221225786,^C,,,,,,
d:\\CloudGuardAI\iac_subset\lordabhi1_cdk-for-terraform,checkov_exit_2,"2025-10-01 12:50:54,798 [MainThread  ] [ERROR]  Exception traceback:
Traceback (most recent call last):
  File ""C:\Users\chava\AppData\Roaming\Python\Python311\site-packages\checkov\main.py"", line 532",,,,,,
d:\CloudGuardAI\iac_subset\andrekiba_CrazyBike,d:\src\CrazyBike.Shipper\Dockerfile.shipper,CKV_DOCKER_7,Ensure the base image uses a non latest version tag,,/src\CrazyBike.Shipper\Dockerfile.shipper.FROM,https://docs.prismacloud.io/en/enterprise-edition/policy-reference/docker-policies/docker-policy-index/ensure-the-base-image-uses-a-non-latest-version-tag,,
d:\CloudGuardAI\iac_subset\andrekiba_CrazyBike,d:\src\CrazyBike.Shipper\Dockerfile.shipper,CKV_DOCKER_2,Ensure that HEALTHCHECK instructions have been added to container images,,/src\CrazyBike.Shipper\Dockerfile.shipper.,https://docs.prismacloud.io/en/enterprise-edition/policy-reference/docker-policies/docker-policy-index/ensure-that-healthcheck-instructions-have-been-added-to-container-images,,
d:\CloudGuardAI\iac_subset\andrekiba_CrazyBike,d:\src\CrazyBike.Shipper\Dockerfile.shipper,CKV_DOCKER_3,Ensure that a user for the container has been created,,/src\CrazyBike.Shipper\Dockerfile.shipper.,https://docs.prismacloud.io/en/enterprise-edition/policy-reference/docker-policies/docker-policy-index/ensure-that-a-user-for-the-container-has-been-created,,
d:\CloudGuardAI\iac_subset\andrekiba_CrazyBike,d:\src\CrazyBike.Buy\Dockerfile.buy,CKV_DOCKER_7,Ensure the base image uses a non latest version tag,,/src\CrazyBike.Buy\Dockerfile.buy.FROM,https://docs.prismacloud.io/en/enterprise-edition/policy-reference/docker-policies/docker-policy-index/ensure-the-base-image-uses-a-non-latest-version-tag,,
d:\CloudGuardAI\iac_subset\andrekiba_CrazyBike,d:\src\CrazyBike.Buy\Dockerfile.buy,CKV_DOCKER_2,Ensure that HEALTHCHECK instructions have been added to container images,,/src\CrazyBike.Buy\Dockerfile.buy.,https://docs.prismacloud.io/en/enterprise-edition/policy-reference/docker-policies/docker-policy-index/ensure-that-healthcheck-instructions-have-been-added-to-container-images,,
d:\CloudGuardAI\iac_subset\andrekiba_CrazyBike,d:\src\CrazyBike.Buy\Dockerfile.buy,CKV_DOCKER_3,Ensure that a user for the container has been created,,/src\CrazyBike.Buy\Dockerfile.buy.,https://docs.prismacloud.io/en/enterprise-edition/policy-reference/docker-policies/docker-policy-index/ensure-that-a-user-for-the-container-has-been-created,,
d:\CloudGuardAI\iac_subset\andrekiba_CrazyBike,d:\src\CrazyBike.Assembler\Dockerfile.assembler,CKV_DOCKER_7,Ensure the base image uses a non latest version tag,,/src\CrazyBike.Assembler\Dockerfile.assembler.FROM,https://docs.prismacloud.io/en/enterprise-edition/policy-reference/docker-policies/docker-policy-index/ensure-the-base-image-uses-a-non-latest-version-tag,,
d:\CloudGuardAI\iac_subset\andrekiba_CrazyBike,d:\src\CrazyBike.Assembler\Dockerfile.assembler,CKV_DOCKER_2,Ensure that HEALTHCHECK instructions have been added to container images,,/src\CrazyBike.Assembler\Dockerfile.assembler.,https://docs.prismacloud.io/en/enterprise-edition/policy-reference/docker-policies/docker-policy-index/ensure-that-healthcheck-instructions-have-been-added-to-container-images,,
d:\CloudGuardAI\iac_subset\andrekiba_CrazyBike,d:\src\CrazyBike.Assembler\Dockerfile.assembler,CKV_DOCKER_3,Ensure that a user for the container has been created,,/src\CrazyBike.Assembler\Dockerfile.assembler.,https://docs.prismacloud.io/en/enterprise-edition/policy-reference/docker-policies/docker-policy-index/ensure-that-a-user-for-the-container-has-been-created,,
d:\CloudGuardAI\iac_subset\andrekiba_FantasticBike,,,,,,,,
d:\CloudGuardAI\iac_subset\Bharathkumarraju_gcp_for_fun,,,,,,,,
d:\CloudGuardAI\iac_subset\chrisguest75_terraform_examples,,,,,,,,
d:\CloudGuardAI\iac_subset\andrekiba_FantasticBike,,,,,,,,
d:\CloudGuardAI\iac_subset\Bharathkumarraju_gcp_for_fun,,,,,,,,
d:\CloudGuardAI\iac_subset\chrisguest75_terraform_examples,,,,,,,,
d:\CloudGuardAI\iac_subset\codegram_regalocal,,,,,,,,
d:\CloudGuardAI\iac_subset\DanielMSchmidt_cdktf-multi-stack-tfe,,,,,,,,
d:\CloudGuardAI\iac_subset\decentraland_documentation,,,,,,,,
d:\CloudGuardAI\iac_subset\dirien_digitalocean-kubernetes-challenge,,,,,,,,
d:\CloudGuardAI\iac_subset\goldoneen_nft-marketplace,,,,,,,,
d:\CloudGuardAI\iac_subset\krsche_scratchpad,,,,,,,,
d:\CloudGuardAI\iac_subset\L03TJ3_gd-gc-hc,,,,,,,,
d:\CloudGuardAI\iac_subset\lindydonna_velocity-examples,,,,,,,,
d:\CloudGuardAI\iac_subset\mastoj_sweetspot,,,,,,,,
d:\CloudGuardAI\iac_subset\Othello1111_Decentralized_Internet,,,,,,,,
d:\CloudGuardAI\iac_subset\ptavoni_forgeops,,,,,,,,
d:\CloudGuardAI\iac_subset\pulumi_automation-api-examples,,,,,,,,
d:\CloudGuardAI\iac_subset\pulumi_pulumi-snowflake,,,,,,,,
d:\CloudGuardAI\iac_subset\pulumi_pulumi-yaml,,,,,,,,
d:\CloudGuardAI\iac_subset\redhwannacef_youtube-tutorials,,,,,,,,
d:\CloudGuardAI\iac_subset\ringge_DevSecOps,,,,,,,,
d:\CloudGuardAI\iac_subset\sammck_cloud-dev-box,,,,,,,,
d:\CloudGuardAI\iac_subset\shraddhamkandpal_healthrecord-verifier,,,,,,,,
d:\CloudGuardAI\iac_subset\uncefact_project-traceability,,,,,,,,
d:\CloudGuardAI\iac_subset\Vake93_cca.server,,,,,,,,
d:\CloudGuardAI\iac_subset\wgarcia79_pulumi-aws,,,,,,,,
d:\CloudGuardAI\iac_repos\abatilo_grpc-timeout-repro,,,,,,,,
d:\CloudGuardAI\iac_repos\adekoyadapo_managed-k8s,,,,,,,,
d:\CloudGuardAI\iac_repos\AI2Incubator_AI2I_streamlitapp,,,,,,,,
d:\CloudGuardAI\iac_repos\Aletrevi_Postchain,,,,,,,,
d:\CloudGuardAI\iac_repos\andrekiba_CrazyBike,d:\src\CrazyBike.Shipper\Dockerfile.shipper,CKV_DOCKER_7,Ensure the base image uses a non latest version tag,,/src\CrazyBike.Shipper\Dockerfile.shipper.FROM,https://docs.prismacloud.io/en/enterprise-edition/policy-reference/docker-policies/docker-policy-index/ensure-the-base-image-uses-a-non-latest-version-tag,,
d:\CloudGuardAI\iac_repos\andrekiba_CrazyBike,d:\src\CrazyBike.Shipper\Dockerfile.shipper,CKV_DOCKER_2,Ensure that HEALTHCHECK instructions have been added to container images,,/src\CrazyBike.Shipper\Dockerfile.shipper.,https://docs.prismacloud.io/en/enterprise-edition/policy-reference/docker-policies/docker-policy-index/ensure-that-healthcheck-instructions-have-been-added-to-container-images,,
d:\CloudGuardAI\iac_repos\andrekiba_CrazyBike,d:\src\CrazyBike.Shipper\Dockerfile.shipper,CKV_DOCKER_3,Ensure that a user for the container has been created,,/src\CrazyBike.Shipper\Dockerfile.shipper.,https://docs.prismacloud.io/en/enterprise-edition/policy-reference/docker-policies/docker-policy-index/ensure-that-a-user-for-the-container-has-been-created,,
d:\CloudGuardAI\iac_repos\andrekiba_CrazyBike,d:\src\CrazyBike.Assembler\Dockerfile.assembler,CKV_DOCKER_7,Ensure the base image uses a non latest version tag,,/src\CrazyBike.Assembler\Dockerfile.assembler.FROM,https://docs.prismacloud.io/en/enterprise-edition/policy-reference/docker-policies/docker-policy-index/ensure-the-base-image-uses-a-non-latest-version-tag,,
d:\CloudGuardAI\iac_repos\andrekiba_CrazyBike,d:\src\CrazyBike.Assembler\Dockerfile.assembler,CKV_DOCKER_2,Ensure that HEALTHCHECK instructions have been added to container images,,/src\CrazyBike.Assembler\Dockerfile.assembler.,https://docs.prismacloud.io/en/enterprise-edition/policy-reference/docker-policies/docker-policy-index/ensure-that-healthcheck-instructions-have-been-added-to-container-images,,
d:\CloudGuardAI\iac_repos\andrekiba_CrazyBike,d:\src\CrazyBike.Assembler\Dockerfile.assembler,CKV_DOCKER_3,Ensure that a user for the container has been created,,/src\CrazyBike.Assembler\Dockerfile.assembler.,https://docs.prismacloud.io/en/enterprise-edition/policy-reference/docker-policies/docker-policy-index/ensure-that-a-user-for-the-container-has-been-created,,
d:\CloudGuardAI\iac_repos\andrekiba_CrazyBike,d:\src\CrazyBike.Buy\Dockerfile.buy,CKV_DOCKER_7,Ensure the base image uses a non latest version tag,,/src\CrazyBike.Buy\Dockerfile.buy.FROM,https://docs.prismacloud.io/en/enterprise-edition/policy-reference/docker-policies/docker-policy-index/ensure-the-base-image-uses-a-non-latest-version-tag,,
d:\CloudGuardAI\iac_repos\andrekiba_CrazyBike,d:\src\CrazyBike.Buy\Dockerfile.buy,CKV_DOCKER_2,Ensure that HEALTHCHECK instructions have been added to container images,,/src\CrazyBike.Buy\Dockerfile.buy.,https://docs.prismacloud.io/en/enterprise-edition/policy-reference/docker-policies/docker-policy-index/ensure-that-healthcheck-instructions-have-been-added-to-container-images,,
d:\CloudGuardAI\iac_repos\andrekiba_CrazyBike,d:\src\CrazyBike.Buy\Dockerfile.buy,CKV_DOCKER_3,Ensure that a user for the container has been created,,/src\CrazyBike.Buy\Dockerfile.buy.,https://docs.prismacloud.io/en/enterprise-edition/policy-reference/docker-policies/docker-policy-index/ensure-that-a-user-for-the-container-has-been-created,,
d:\CloudGuardAI\iac_repos\andrekiba_FantasticBike,,,,,,,,
d:\CloudGuardAI\iac_repos\bencematyasi_nginx-aws-demo,,,,,,,,
d:\CloudGuardAI\iac_repos\Bharathkumarraju_gcp_for_fun,,,,,,,,
d:\CloudGuardAI\iac_repos\blakegreendev_pulumi-lambda-workshop,,,,,,,,
d:\CloudGuardAI\iac_repos\BoredTweak_Miscellaneous,,,,,,,,
d:\CloudGuardAI\iac_repos\CerusBots_website,d:\Dockerfile.dev,CKV_DOCKER_2,Ensure that HEALTHCHECK instructions have been added to container images,,/Dockerfile.dev.,https://docs.prismacloud.io/en/enterprise-edition/policy-reference/docker-policies/docker-policy-index/ensure-that-healthcheck-instructions-have-been-added-to-container-images,,
d:\CloudGuardAI\iac_repos\CerusBots_website,d:\Dockerfile.dev,CKV_DOCKER_3,Ensure that a user for the container has been created,,/Dockerfile.dev.,https://docs.prismacloud.io/en/enterprise-edition/policy-reference/docker-policies/docker-policy-index/ensure-that-a-user-for-the-container-has-been-created,,
d:\CloudGuardAI\iac_repos\CharlieDigital_dn6-mongo-react-valtio,,,,,,,,
d:\CloudGuardAI\iac_repos\chrisguest75_terraform_examples,,,,,,,,
d:\CloudGuardAI\iac_repos\cloudreach_urly-wurly,,,,,,,,
d:\CloudGuardAI\iac_repos\cobraz_pulumi-wordpress,,,,,,,,
d:\CloudGuardAI\iac_repos\codegram_dashy,,,,,,,,
d:\CloudGuardAI\iac_repos\codegram_regalocal,,,,,,,,
d:\CloudGuardAI\iac_repos\cpayret-KDM_KDM_API,,,,,,,,
d:\CloudGuardAI\iac_repos\dailydotdev_daily-monetization,,,,,,,,
d:\CloudGuardAI\iac_repos\DanielMSchmidt_cdktf-multi-stack-tfe,,,,,,,,
d:\CloudGuardAI\iac_repos\DavidLeong98_pulumi,,,,,,,,
d:\CloudGuardAI\iac_repos\davidNHK_project-bootstrap,,,,,,,,
d:\CloudGuardAI\iac_repos\decentraland_documentation,,,,,,,,
d:\CloudGuardAI\iac_repos\demiban_pulumi-localstack-lambda-example,,,,,,,,
d:\CloudGuardAI\iac_repos\dirien_digitalocean-kubernetes-challenge,,,,,,,,
d:\CloudGuardAI\iac_repos\elbetasal_app-playground,,,,,,,,
d:\CloudGuardAI\iac_repos\epomatti_az-static-webapps-pulumi,,,,,,,,
d:\CloudGuardAI\iac_repos\ever-co_dev-pulumi,,,,,,,,
d:\CloudGuardAI\iac_repos\fuluteam_honeycomb,,,,,,,,
d:\CloudGuardAI\iac_repos\gbaeke_pulumi-samples,,,,,,,,
d:\CloudGuardAI\iac_repos\gkonc001_pulumi-python-pmi,,,,,,,,
d:\CloudGuardAI\iac_repos\go-sari_sari,,,,,,,,
d:\CloudGuardAI\iac_repos\gobengo_activitypub.com,,,,,,,,
d:\CloudGuardAI\iac_repos\goldoneen_nft-marketplace,,,,,,,,
d:\CloudGuardAI\iac_repos\hashicorp_cdktf-provider-random,,,,,,,,
d:\CloudGuardAI\iac_repos\iac-factory_gitlab-runner-cdktf,,,,,,,,
d:\CloudGuardAI\iac_repos\janfabian_offtopic-slack-bot,,,,,,,,
d:\CloudGuardAI\iac_repos\jdwelch_examples,,,,,,,,
d:\CloudGuardAI\iac_repos\jeanpaulsmit_blog-posts,,,,,,,,
d:\CloudGuardAI\iac_repos\jforge_iac-samples,,,,,,,,
d:\CloudGuardAI\iac_repos\jguadagno_jjgnet-broadcast,,,,,,,,
d:\CloudGuardAI\iac_repos\L03TJ3_gd-gc-hc,,,,,,,,
d:\CloudGuardAI\iac_repos\korosuke613_playground,,,,,,,,
d:\CloudGuardAI\iac_repos\Kurabu-chan_Kurabu,,,,,,,,
d:\CloudGuardAI\iac_repos\LachlanStevens_UntitledStack-3,,,,,,,,
d:\CloudGuardAI\iac_repos\krsche_scratchpad,,,,,,,,
d:\CloudGuardAI\iac_repos\lindydonna_velocity-examples,,,,,,,,
d:\CloudGuardAI\iac_repos\luizhlelis_auth0-IaC,d:\src\Dockerfile.terraform,CKV_DOCKER_7,Ensure the base image uses a non latest version tag,,/src\Dockerfile.terraform.FROM,https://docs.prismacloud.io/en/enterprise-edition/policy-reference/docker-policies/docker-policy-index/ensure-the-base-image-uses-a-non-latest-version-tag,,
d:\CloudGuardAI\iac_repos\luizhlelis_auth0-IaC,d:\src\Dockerfile.terraform,CKV_DOCKER_9,Ensure that APT isn't used,,/src\Dockerfile.terraform.RUN,https://docs.prismacloud.io/en/enterprise-edition/policy-reference/docker-policies/docker-policy-index/ensure-docker-apt-is-not-used,,
d:\CloudGuardAI\iac_repos\luizhlelis_auth0-IaC,d:\src\Dockerfile.terraform,CKV_DOCKER_2,Ensure that HEALTHCHECK instructions have been added to container images,,/src\Dockerfile.terraform.,https://docs.prismacloud.io/en/enterprise-edition/policy-reference/docker-policies/docker-policy-index/ensure-that-healthcheck-instructions-have-been-added-to-container-images,,
d:\CloudGuardAI\iac_repos\luizhlelis_auth0-IaC,d:\src\Dockerfile.terraform,CKV_DOCKER_3,Ensure that a user for the container has been created,,/src\Dockerfile.terraform.,https://docs.prismacloud.io/en/enterprise-edition/policy-reference/docker-policies/docker-policy-index/ensure-that-a-user-for-the-container-has-been-created,,
d:\CloudGuardAI\iac_repos\luizhlelis_auth0-IaC,d:\src\Dockerfile.auth0-cli,CKV_DOCKER_2,Ensure that HEALTHCHECK instructions have been added to container images,,/src\Dockerfile.auth0-cli.,https://docs.prismacloud.io/en/enterprise-edition/policy-reference/docker-policies/docker-policy-index/ensure-that-healthcheck-instructions-have-been-added-to-container-images,,
d:\CloudGuardAI\iac_repos\luizhlelis_auth0-IaC,d:\src\Dockerfile.auth0-cli,CKV_DOCKER_3,Ensure that a user for the container has been created,,/src\Dockerfile.auth0-cli.,https://docs.prismacloud.io/en/enterprise-edition/policy-reference/docker-policies/docker-policy-index/ensure-that-a-user-for-the-container-has-been-created,,
d:\CloudGuardAI\iac_repos\Lonero-Team_Decentralized-Internet,,,,,,,,
d:\CloudGuardAI\iac_repos\macneib_cicd,,,,,,,,
d:\CloudGuardAI\iac_repos\lwooden_sample-node-api-service,,,,,,,,
d:\CloudGuardAI\iac_repos\mastoj_sweetspot,,,,,,,,
d:\CloudGuardAI\iac_repos\Mauwii_azure-pipelines-with-github-repo,,,,,,,,
d:\CloudGuardAI\iac_repos\Mattaparthi321_my-teraform-code,,,,,,,,
d:\CloudGuardAI\iac_repos\noemiko_iac_examples,,,,,,,,
d:\CloudGuardAI\iac_repos\mitodl_ol-infrastructure,,,,,,,,
